"Data operacji","Data waluty","Typ transakcji","Kwota","Waluta","Saldo po transakcji","Opis transakcji","","","",""
"","2026-10-07","Blokada","-18.29","PLN","W rozliczeniu","Tytu³: BLIK INTERNET: SEOHOST.PL/  ","Lokalizacja: Adres: seohost.pl/","","",""
"2026-10-07","2026-10-07","BLIK_RECURRING_PAYMENT","-25.00","PLN","+7983.71","Tytu³: 00000095117031783  ","Numer telefonu: 48516185761","Lokalizacja: Adres: player.pl","'Operacja: 00000095117031783","Numer referencyjny: 00000095117031783"
"","2026-10-06","Blokada","-259.52","PLN","W rozliczeniu","Tytu³: P425125001349343199999999  ","Lokalizacja: Adres: Revolut**2605* Miasto: Dublin Kraj: IRLANDIA","","",""
"","2026-10-06","Blokada","-92.41","PLN","W rozliczeniu","Tytu³: P425125001349343199706483  ","Lokalizacja: Adres: JMP S.A. BIEDRONKA 336 Miasto: LUBARTOW Kraj: POLSKA","","",""
"","2026-10-06","Blokada","-14.47","PLN","W rozliczeniu","Tytu³: P425125001349343188009980  ","Lokalizacja: Adres: JMP S.A. BIEDRONKA 336 Miasto: LUBARTOW Kraj: POLSKA","","",""
"","2026-10-06","Blokada","-5.50","PLN","W rozliczeniu","Tytu³: P425125001349343126458731  ","Lokalizacja: Adres: ZABKA ZD721 K.1 Miasto: LUBARTOW Kraj: POLSKA","","",""
"","2026-10-06","Blokada","-24.68","PLN","W rozliczeniu","Tytu³: P425125001349343125114308  ","Lokalizacja: Adres: ZABKA Z5232 K.1 Miasto: LUBARTOW Kraj: POLSKA","","",""
"2026-10-06","2026-10-06","Przelew na konto","+8000.00","PLN","+8008.71","Rachunek nadawcy: 12 1140 1010 0000 5161 6800 1007","Nazwa nadawcy: WENET GROUP SPÓ£KA AKCYJNA UL. POSTÊPU 14","Adres nadawcy: 02-676 WARSZAWA PL","Tytu³: wynagrodzenie za 09/2026",""
"2026-10-05","2026-10-05","P³atnoœæ kart¹","-12.30","PLN","+8021.01","Tytu³: P425125001349343100000001  ","Lokalizacja: Adres: ZABKA Z9001 K.2 Miasto: LUBARTOW Kraj: POLSKA","","",""
"2026-10-03","2026-10-03","Przelew z rachunku","-2400.00","PLN","+8033.31","Rachunek odbiorcy: 11 1111 1111 1111 1111 1111 1111","Nazwa odbiorcy: UCZELNIA ABC","Tytu³: czesne za semestr","",""
"2026-10-02","2026-10-02","P³atnoœæ kart¹","-9.99","USD","+8043.30","Tytu³: P425125001349343100000002  ","Lokalizacja: Adres: SOME-US-SHOP Miasto: NEW YORK Kraj: USA","","",""
